epoch,step,loss,caption
0,1,0.021898603066802025,a person is dancing quickly and having fun.
0,2,0.014715172350406647,a person is moving around dancing with their arms.
0,3,0.7052919268608093,someone seems to be dancing
0,4,0.04399152100086212,a person walks with a limp
0,5,2.3378796577453613,a person running and then crawling before returning to a run.
0,6,0.032982807606458664,a person is jogging / walking fast but not running in circles
0,7,0.05839022994041443,a man stands casually with his arms to his sides than takes 4 slow steps backwards starting with his left and then stops.
0,8,0.04447810351848602,a person readies their jump rope and then begins skipping rope.
0,9,0.012932974845170975,a person bends forward with left/left hands quickly to touch left/left toes directly in front of hands. a person twists torso left/left with waist fast facing left/left. a person lifts left/left hands fast above left/left shoulder at the same time. a person bends torso left/left hand sides fast facing forward
0,10,0.863401472568512,"imitates a ballet dance. right hand steps behind left, hands cur under than both lifts poisely."
0,11,0.10023335367441177,a person bends over and does a standing jump forward.
0,12,0.019929921254515648,a man is dancing around in a circle.
0,13,0.04624330624938011,a person walking forward in a steady pace
0,14,0.033320993185043335,"a person walks in a slow clockwise circle, stopping in a standing position."
0,15,0.006827155128121376,the man raises his hands and waves then fast in the air.
0,16,0.020663360133767128,"a person walks downstairs, before making a little jump at the bottom."
0,17,1.7609175443649292,a person dancing with left arm in the air and bouncing back and forth
0,18,0.01582200825214386,a person walks forward and then starts dancing.
0,19,0.012596054002642632,a person is salsa dancing.
0,20,0.0057039037346839905,a person struggles to hold a heavy object before dropping it.
0,21,2.40305495262146,a person sets something down on the ground and then walks with big hip sway in a diaganol direction.
0,22,0.08943567425012589,"a man bends his legs slightly then takes a medium-length jump forward, raising his forearms slightly then letting them hang loose on landing."
0,23,0.42061367630958557,a person is sprinting fast
0,24,0.012415976263582706,"a person walks forward at a slow pace and stops, holding position."
0,25,0.6526324152946472,a person taking a huge jump forward
0,26,2.7258152961730957,the man is jumping jump
0,27,0.034124020487070084,he uplift his right hand and moving it fast again and again.
0,28,0.04079264774918556,obstacle courses sometimes require an athlete to run in a backwards motion.
0,29,0.057268593460321426,walking forward then the body twirls around fast and keeps walking.
0,30,1.6359176635742188,"a man is standing up, then bends down to take a big jump forward, leaps forward, and then stands back up straight."
0,31,0.063932865858078,a person takes three quick steps backward.
0,32,0.013362719677388668,person facing forward does 5 small slow steps to the left then 5 slow steps to the  right
0,33,0.020724879577755928,a man dancing to salsa music
0,34,0.2247227430343628,a person takes a couple quick steps forward.
0,35,0.038897816091775894,"a man shakes his wrists, jumps backwards with a spin, and then finishes by spreading his arms."
0,36,0.028557203710079193,a person is walking forward and dancing at the same time. they are throwing their limbs out in sudden movements and shaking their legs.
0,37,0.007145524490624666,the person is doing awkward arm movements to the head and then down in front.
0,38,0.0215095654129982,"person is dancing by bending right arm and right leg lifting and bending at the same time a few times, they repeat this on the left, they jump to the side and kick the left leg back, and then jump to the left"
0,39,0.06728660315275192,the person is  slow punching the air.
0,40,0.02016982063651085,"a figure gestures as though it is digging with a shovel. the figure stops dancing around 7 second mark, and seems to place a plant or tree into the hole it has dug."
0,41,0.005380360875278711,a person throws their body forward and then to the side in an expressive way
0,42,0.0434289276599884,person walks fast on the spot
0,43,0.8939577341079712,"this person is walking forward at an easy but steady pace, starting with the right foot and completing 8 steps, ending with the right foot forward."
0,44,2.386760711669922,a person sets something down on the ground and then walks with big hip sway in a diaganol direction.
0,45,0.026960132643580437,the person walks forward at a steady pace while moving most of their left hand side of their body compared to their right
0,46,0.010248745791614056,a person is ballroom dancing with someone.
0,47,0.03325945883989334,a person takes a jump rope and starts jumping rope.
0,48,0.021229004487395287,he is jumping very fast.
0,49,0.028694340959191322,"a person jumps and spins in place, then when they land they run forward, stop, and run backwards"
0,50,0.014817234128713608,"a person waddles around like a penguin, then waves with their left hand, their right hand, and then a quick wave with both hands."
0,51,0.015325570479035378,"starting with their right foot, a person sidesteps fast back and forth."
0,52,0.013845773413777351,the person seems to be 'beat boxing' and drops to the ground swinging his left foot over in a circular direction and using that momentum to to propel himself to spin over his right shoulder first then his left so he ends up seated again.
0,53,0.044296011328697205,"a person jumps repeatedly, throwing their arms above their head and stretching their legs with each jump."
0,54,0.018928980454802513,a a person practices a salsa dance routine by themselves
0,55,0.04056341573596001,the person is doing the chicken dance.
0,56,0.23362848162651062,the person took a small jump forward.
0,57,0.05733491852879524,this person holds his arms up as if to dance with a partner.
0,58,1.3251746892929077,"the person steps into a martial arts stance, kicks and thrusts its right leg forward, bring itself back into a martial arts stance."
0,59,0.03425081819295883,the person is doing a russian dance
0,60,0.866362988948822,the person is running forward very fast.
0,61,0.08160795271396637,a person is dancing and waving their arms
0,62,2.813034772872925,"a person reaches back with their right arm and throws something forward with a lot of force, then they steady themselves to remain balanced."
0,63,0.044090162962675095,the person is doing a fancy dance.
0,64,0.0634140595793724,a fast pace stepping forward with dribble hands then takes a shot.
0,65,0.012800251133739948,a person scamps around as if doing a victory dance.
0,66,0.1451985388994217,"person squats with both knees bent, bringing hands together at chest, then straightens legs to jump straight upwards but lands slightly to their left considering their beginning position"
0,67,0.037103403359651566,"the person does a little side to side dance, barely lifting its legs and bringing them down quickly, while shimmying its shoulders up and down slightly."
0,68,0.021685170009732246,the man is walking at a quick pace with his hands and feet swinging and appears to be in a hurry.
0,69,0.03457490727305412,person is doing a dance
0,70,0.046519726514816284,the person is jumping rope very fast.
0,71,0.1152070090174675,the person is standing up. they raise their hands up with fingers spread like jazz hands. hands and hips move back and forth like it is dancing.
0,72,0.021832354366779327,a fast limp on the right foot.
0,73,0.027421992272138596,a person takes a quick step forward.
0,74,0.021870501339435577,a person is doing the waltz dance
0,75,0.01161821000277996,this person is jumping up and down as if to jump rope.
0,76,2.9769513607025146,a person is dancing while running.
0,77,0.0390765406191349,person takes fast steps forwards
0,78,0.062256500124931335,"a person takes two slow steps forward, pivots on their right foot 180deg, then takes two more slow steps forward."
0,79,0.004698621109127998,"a person turns towards to the right, picks up a heavy object and turns and set it down in front of him."
0,80,0.016150234267115593,"person does light bouncy jump, skips forward with left leg swinging forward"
0,81,0.023626286536455154,person bends down and keeps legs straight flowing arms left to right before turning around and doing same back
0,82,1.3139002323150635,a person lifts something heavy with their right arm.
0,83,2.186264991760254,a man walks backwards and then makes a large leap forward.
0,84,0.07672746479511261,the person is walking very slow
0,85,0.09070224314928055,"a person squats deeply, then swings themselves into a forward leap."
0,86,0.06518546491861343,the man is doing dance waltz
0,87,1.5629968643188477,a person walks forward at fast pace.
0,88,0.01761462166905403,a person walking in fast pace.
0,89,0.01631963811814785,person moves body in fast turn then rights something out of left hand very fast
0,90,0.029085157439112663,a person swings their arms and body around as if they are dancing.
0,91,0.02765558660030365,"a person makes slow, wide steps forward."
0,92,0.05098487809300423,"person walks fast in a semi circular motion clockwise, then rapidly in a straight line."
0,93,0.2547272741794586,a person run fast across a room
0,94,3.078247308731079,the figure appears to step over something with a slightly awkward walk before turning so that we are seeing their back.
0,95,2.1918084621429443,a person runs forwards and comes to a slow stop.
0,96,0.3957185447216034,"a person takes some purposeful and quick strides forward, then starts to slow down."
0,97,0.03810881823301315,a man is holding both arms out and then pulling them back in right to left as if he is transferring something heavy.
0,98,0.7405982613563538,a figure take 2 quick steps forwards
0,99,0.031221264973282814,person is dancing arounds arms up.
0,100,0.03661748021841049,robot turned back and climb on to something and jump started rolling on the ground and stands up.
0,101,0.09711901843547821,he does a walk run
0,102,0.017198797315359116,a person doing the i'm a little tea pot dance.
0,103,0.0036490645725280046,"a person leans over and uses their arms to carry something heavy, stumbling forward with small steps."
0,104,0.07289667427539825,"a person lifts his arms up in front of him, then mimics punching the air a few times. he then lowers his arms, and trots in a quick clockwise circle."
0,105,0.03949363902211189,the man is dancing using both legs and arms
0,106,1.3852695226669312,person walks slowly from upper left to bottom right using handrails to steady their steps.
0,107,0.18679490685462952,a man walks forward fast.
0,108,0.05023742839694023,person is hopping slightly up and down very fast with their hands up in the air
0,109,0.4161163866519928,the person is doing a quick punch kick.
0,110,0.019965216517448425,"a person is with their hands on their legs, knees slightly bent, and they sway from side to side and then straighten arms out to the side."
0,111,0.05378694459795952,the person is dancing the cha cha .
0,112,0.04498528316617012,a colorful animated drawing moving around as if it is dancing.
0,113,0.024354765191674232,a person is performing a dance
0,114,2.684720516204834,the person took one jump down.
0,115,0.021285492926836014,the figure takes a few steps forward and does a quick spin (180 degrees) on their left heel and swaying as they step out of the turn.
0,116,0.11205630749464035,a person throws an object with a fast arm motion.
0,117,0.0192058477550745,"a person is dancing, arms held up as to hold another person's shoulders, moving back and forth in a counterclockwise pattern."
0,118,0.029705846682190895,"a person does jumping jacks, spreading their arms and legs out and in with each jump"
0,119,0.02553778514266014,a person does a small 180 degree jump turn then turns back around to the front.
0,120,0.015160782262682915,person is doing different dance moves
0,121,3.320836067199707,dancing backward moving both arms.
0,122,0.029224025085568428,a person who is standing with his hands by his sides takes deliberate steps on a treadmill.
0,123,0.1637571156024933,a person appears to be dancing like a chicken
0,124,0.042600564658641815,a person picks up a heavy object and throws it with both hands.
0,125,0.05561426281929016,he does a run on the spot
0,126,0.02406635880470276,the person moves his arms around in a dancing motion.
0,127,0.0986204594373703,the person was walking really fast.
0,128,0.03485177829861641,"person shakes hands as if playing a drum, it begins fast and ends slow."
0,129,0.12817694246768951,"a person is dancing and moving towards left, raising hands"
0,130,0.07451961189508438,the person jumped with the kick spin.
0,131,0.02703665755689144,"a person holds their arms in front of them, and makes a quick punch with their left arm."
0,132,0.01179319154471159,a person walks forward careful to avoid something that is on the ground.
0,133,0.01699036732316017,a person is running a steady pace on a treadmill.
0,134,0.03854803740978241,"a person walks backwards, lifts their arms up, then down, then up agiain, then bends down, places hands on the ground amd dows a jump on to their knees. then they stamd up and step backwards"
0,135,0.09464184194803238,moving fast on the at front
0,136,1.8023000955581665,person faces forward then jumps to their right then they bend they knees and jump spin twice before standing still
0,137,0.4764110743999481,a person is running forward at a steady pace.
0,138,0.06590764969587326,a person who is standing with his hands by his sides takes four slow steps forward.
0,139,0.08131777495145798,"the man is walking steadily not fast but not slow ,swinging his arms down word right to left right to left one foot in front of the other now one foot in front of the other."
0,140,0.03544246032834053,"a man dances throwing both arms up, takes a step to the right and then a step to the back whilst continuing to dance with his arms."
0,141,0.05805012956261635,a person walks forward at a slow pace.
0,142,1.948681116104126,"a man is hunched over, and he brings his right hand over to join his left as he makes slow stirring motions."
0,143,0.010039540939033031,a person takes a quick step backwards towards their right hand side
0,144,0.036321111023426056,"a person jogs forward, does a little dance then jogs back."
0,145,2.0282397270202637,"a person walks forward then steps to the right with a quick little stutter-step further to right, then immediately to the left and continues to walk in their original path."
0,146,0.00763684930279851,a person walks side to side with arms extended as if dancing
0,147,0.5649538040161133,a lowers their arms and uses their left and right hands to steady themselves as they walk forward
0,148,0.11172248423099518,rising the hands and like tired.
0,149,1.1794261932373047,someone is doing jumping jacks in slow motion.
0,150,0.055895980447530746,"a person takes slow, wide steps forward."
0,151,0.021477103233337402,a person bends down to pick up a heavy item from the ground using both hands and gives it to another person.
0,152,0.04951975867152214,the man is walking at a quick pace with his hands and feet swinging and appears to be in a hurry.
0,153,0.3967016339302063,a person squats down and then quickly makes a small jump straight up.
0,154,0.026743898168206215,"a man stands up straight, then lifts both arms up over his head and bats them forward in a tired manner."
0,155,0.0180654413998127,a person kicking with their right leg twice then kicking once with their left leg in a fast pace.
0,156,0.021948328241705894,"a person walked backwards, and grabbed something and start jump"
0,157,0.05346827954053879,a person jump once on the spot.
0,158,5.208295822143555,the person jump and punching back and forth at the same time using his left hands nine times and stop.
0,159,0.04798183962702751,a person walks straight forward at a fast pace.
0,160,0.27263200283050537,a person doing a fun dance.
0,161,0.0375983864068985,a person breaks into an enthusiastic dance.
0,162,0.023308346047997475,"someone starts stumbling towards the left, then starts to stumble in a figure eight position to realign and halt before completing the figure eight."
0,163,3.086362361907959,coming forward with small dance.
0,164,0.05931754782795906,a red and blue stick figure is standing and mimics the “walk like and egyptian” dance.
0,165,2.4622323513031006,the person is doing the lambada dance.
0,166,0.13248004019260406,a man does a little dance.
0,167,0.041568879038095474,a person squats then stands up and dances then spins in a circle while dancing
0,168,0.03680254518985748,a person does a dance move by twisting to the right and then extending the right arm into the arm.
0,169,0.059458862990140915,a person walks forward really fast.
0,170,0.030455635860562325,"a person does the ""i'm a little teapot"" dance, making a handle with his left arm and a spout with his right arm."
0,171,0.018517086282372475,robot is performing different step of dance and moving left right.
0,172,0.06910858303308487,"a person walks forward, then dances backwards and then begins a spin in a clockwise direction with arms raising"
0,173,0.014877896755933762,"a person dancing in certain rotating motion, then raising his or her hand up"
0,174,0.05229981988668442,the man takes a quick step forward starting with his right foot.
0,175,0.03162255510687828,a man performs one quick jump into the air and lands on his feet.
0,176,0.01464314665645361,a person walks forward with stiff legs.
0,177,0.0930718183517456,a person walks forward fast.
0,178,0.0483347624540329,"a man bends his legs slightly then takes a medium-length jump forward, raising his forearms slightly then letting them hang loose on landing."
0,179,2.0630013942718506,a person lifting one leg bent at the knee then the other the same way in a fast running in place motion.
0,180,0.017620092257857323,the person is moving someone or hands around dancing.
0,181,0.0820242390036583,"person starts running very quickly while swinging arms right and left in front of him in a very fast, violent manner, then speeding up before stopping."
0,182,0.019825516268610954,a person walks forward at a fast pace with hands moving at the wrist
0,183,0.007101950701326132,this person appears to stumble as if fleftened.
0,184,0.007265759166330099,moving the hips and shoulders side to side making it a little dance.
0,185,0.021254785358905792,a person appears to be doing a dance.
0,186,0.19120821356773376,a person walks forward at a steady pace
0,187,0.048590924590826035,a person does broad jumps back and forth with a quick stretch in between jumps.
0,188,1.3587768077850342,"a person walks forward at a leisurely, somewhat slow pace."
0,189,0.08035682141780853,a person walks forward at a relatively fast pace.
0,190,0.01710541546344757,"a person makes small steps foward, turns around, makes quick small steps back, then stops and turns around."
0,191,0.05031449720263481,person is slow walking down.
0,192,0.013555848971009254,a person doing a jump pose.
0,193,0.027916621416807175,a man walks backwards and the starts jump roping.
0,194,0.06284904479980469,a person who is standing with his arms by his sides takes four very slow steps forward.
0,195,0.04452352970838547,a person is walking forward and dancing at the same time. they are throwing their limbs out in sudden movements and shaking their legs.
0,196,0.02501617930829525,a person does tricks while jump roping and then stops
0,197,0.024584831669926643,a person holds their arms out and makes steps as if dancing.
0,198,0.044909000396728516,a person practice ballroom dancing by themselves
0,199,0.10385431349277496,a person made a quick jump forward
0,200,0.6265643239021301,a person does a small jump
1,201,0.05415826290845871,the person is walking very slow
1,202,0.023132123053073883,he uplift his right hand and moving it fast again and again.
1,203,0.03074978105723858,a person does a small 180 degree jump turn then turns back around to the front.
1,204,0.027622593566775322,a fast limp on the right foot.
1,205,1.8525995016098022,person faces forward then jumps to their right then they bend they knees and jump spin twice before standing still
1,206,0.012004411779344082,the person seems to be 'beat boxing' and drops to the ground swinging his left foot over in a circular direction and using that momentum to to propel himself to spin over his right shoulder first then his left so he ends up seated again.
1,207,0.6148785948753357,a person does a small jump
1,208,0.023462479934096336,"a person dancing in certain rotating motion, then raising his or her hand up"
1,209,0.023680543527007103,"a person turns towards to the right, picks up a heavy object and turns and set it down in front of him."
1,210,0.015199195593595505,person moves body in fast turn then rights something out of left hand very fast
1,211,0.14817126095294952,a man walks forward fast.
1,212,0.032265741378068924,a man stands casually with his arms to his sides than takes 4 slow steps backwards starting with his left and then stops.
1,213,0.07196968793869019,a person walks forward with stiff legs.
1,214,0.015686193481087685,"someone starts stumbling towards the left, then starts to stumble in a figure eight position to realign and halt before completing the figure eight."
1,215,0.015507110394537449,a person is ballroom dancing with someone.
1,216,0.02593543939292431,"a person takes slow, wide steps forward."
1,217,0.016646692529320717,a person bends down to pick up a heavy item from the ground using both hands and gives it to another person.
1,218,0.027725564315915108,a person takes three quick steps backward.
1,219,0.023158732801675797,the man is doing dance waltz
1,220,0.01428901869803667,a person kicking with their right leg twice then kicking once with their left leg in a fast pace.
1,221,0.03851453214883804,a person is salsa dancing.
1,222,0.008832113817334175,the person is moving someone or hands around dancing.
1,223,0.06206158176064491,person is hopping slightly up and down very fast with their hands up in the air
1,224,0.19266943633556366,a person appears to be dancing like a chicken
1,225,2.440365791320801,the person jump and punching back and forth at the same time using his left hands nine times and stop.
1,226,0.06614810228347778,a person doing a jump pose.
1,227,0.015954388305544853,"a person does the ""i'm a little teapot"" dance, making a handle with his left arm and a spout with his right arm."
1,228,0.0452827550470829,a person made a quick jump forward
1,229,0.05111624673008919,"a person walks downstairs, before making a little jump at the bottom."
1,230,0.027423013001680374,a person takes a couple quick steps forward.
1,231,0.025130312889814377,a person walks forward at a fast pace with hands moving at the wrist
1,232,0.05067902058362961,a man performs one quick jump into the air and lands on his feet.
1,233,0.013105603866279125,the man takes a quick step forward starting with his right foot.
1,234,0.05529411509633064,"a person holds their arms in front of them, and makes a quick punch with their left arm."
1,235,0.049958329647779465,the person is dancing the cha cha .
1,236,0.023329418152570724,a person breaks into an enthusiastic dance.
1,237,0.01624184101819992,this person holds his arms up as if to dance with a partner.
1,238,1.8287707567214966,"a person reaches back with their right arm and throws something forward with a lot of force, then they steady themselves to remain balanced."
1,239,0.10054385662078857,a person who is standing with his arms by his sides takes four very slow steps forward.
1,240,0.0194139052182436,a person is performing a dance
1,241,0.6569099426269531,someone seems to be dancing
1,242,0.021876877173781395,"a figure gestures as though it is digging with a shovel. the figure stops dancing around 7 second mark, and seems to place a plant or tree into the hole it has dug."
1,243,0.31075987219810486,"a person takes some purposeful and quick strides forward, then starts to slow down."
1,244,0.15134702622890472,the person is standing up. they raise their hands up with fingers spread like jazz hands. hands and hips move back and forth like it is dancing.
1,245,0.021204927936196327,the figure takes a few steps forward and does a quick spin (180 degrees) on their left heel and swaying as they step out of the turn.
1,246,0.05456576496362686,person walks fast on the spot
1,247,0.029572010040283203,a person is dancing quickly and having fun.
1,248,0.0287600327283144,"a person walks forward at a slow pace and stops, holding position."
1,249,2.994616985321045,the figure appears to step over something with a slightly awkward walk before turning so that we are seeing their back.
1,250,0.022119026631116867,a person doing the i'm a little tea pot dance.
1,251,0.09653139114379883,person is slow walking down.
1,252,0.01852644607424736,he is jumping very fast.
1,253,0.0603935606777668,a person walks forward at a steady pace
1,254,0.013421444222331047,this person is jumping up and down as if to jump rope.
1,255,0.5789867043495178,"this person is walking forward at an easy but steady pace, starting with the right foot and completing 8 steps, ending with the right foot forward."
1,256,0.014105136506259441,a person who is standing with his hands by his sides takes four slow steps forward.
1,257,0.030520131811499596,a person walking in fast pace.
1,258,0.09941761940717697,person takes fast steps forwards
1,259,0.04613551124930382,a person picks up a heavy object and throws it with both hands.
1,260,0.005376288201659918,a person takes a quick step backwards towards their right hand side
1,261,1.4552969932556152,a person lifts something heavy with their right arm.
1,262,0.27685272693634033,a person run fast across a room
1,263,0.04763997346162796,"a person walks forward, then dances backwards and then begins a spin in a clockwise direction with arms raising"
1,264,0.06628330051898956,a person appears to be doing a dance.
1,265,0.01578027382493019,the person is doing a fancy dance.
1,266,3.2972097396850586,dancing backward moving both arms.
1,267,0.014117345213890076,a person struggles to hold a heavy object before dropping it.
1,268,0.04735048487782478,a person takes a jump rope and starts jumping rope.
1,269,0.008460981771349907,the man is walking at a quick pace with his hands and feet swinging and appears to be in a hurry.
1,270,0.025430867448449135,a person squats then stands up and dances then spins in a circle while dancing
1,271,0.016535166651010513,"a person walks in a slow clockwise circle, stopping in a standing position."
1,272,0.058556895703077316,"a person takes two slow steps forward, pivots on their right foot 180deg, then takes two more slow steps forward."
1,273,0.12041441351175308,the person is doing a quick punch kick.
1,274,0.018363989889621735,a person walking forward in a steady pace
1,275,0.022564101964235306,the man is walking at a quick pace with his hands and feet swinging and appears to be in a hurry.
1,276,0.015425659716129303,a person bends forward with left/left hands quickly to touch left/left toes directly in front of hands. a person twists torso left/left with waist fast facing left/left. a person lifts left/left hands fast above left/left shoulder at the same time. a person bends torso left/left hand sides fast facing forward
1,277,2.8997440338134766,a person is dancing while running.
1,278,0.1476927399635315,a person bends over and does a standing jump forward.
1,279,1.510962963104248,"a person walks forward at a leisurely, somewhat slow pace."
1,280,1.9564670324325562,a man walks backwards and then makes a large leap forward.
1,281,0.4111586809158325,"the person steps into a martial arts stance, kicks and thrusts its right leg forward, bring itself back into a martial arts stance."
1,282,2.406822919845581,coming forward with small dance.
1,283,0.043759461492300034,"a person jumps repeatedly, throwing their arms above their head and stretching their legs with each jump."
1,284,0.012725920416414738,a person walks forward and then starts dancing.
1,285,0.04033797234296799,a person does a dance move by twisting to the right and then extending the right arm into the arm.
1,286,0.14659255743026733,the person took a small jump forward.
1,287,0.04126385599374771,"a person walked backwards, and grabbed something and start jump"
1,288,0.10050524026155472,a person walks forward really fast.
1,289,0.04151635617017746,a colorful animated drawing moving around as if it is dancing.
1,290,1.2836836576461792,person walks slowly from upper left to bottom right using handrails to steady their steps.
1,291,0.018039299175143242,"a person jogs forward, does a little dance then jogs back."
1,292,0.015846025198698044,a red and blue stick figure is standing and mimics the “walk like and egyptian” dance.
1,293,0.07026860117912292,robot is performing different step of dance and moving left right.
1,294,2.431361436843872,a person sets something down on the ground and then walks with big hip sway in a diaganol direction.
1,295,2.162663221359253,the man is jumping jump
1,296,0.04784609004855156,a person walks with a limp
1,297,0.1187586560845375,he does a walk run
1,298,0.07299862056970596,a man walks backwards and the starts jump roping.
1,299,0.19639624655246735,a person doing a fun dance.
1,300,0.051755037158727646,a person walks forward careful to avoid something that is on the ground.
1,301,0.03621598705649376,rising the hands and like tired.
1,302,0.01864396221935749,a person jump once on the spot.
1,303,0.03805587440729141,"a man stands up straight, then lifts both arms up over his head and bats them forward in a tired manner."
1,304,0.022407613694667816,"a person makes slow, wide steps forward."
1,305,0.021602246910333633,"a person makes small steps foward, turns around, makes quick small steps back, then stops and turns around."
1,306,0.10318838804960251,"a person jumps and spins in place, then when they land they run forward, stop, and run backwards"
1,307,0.03546081855893135,a person holds their arms out and makes steps as if dancing.
1,308,0.0966440811753273,the person is doing the chicken dance.
1,309,1.3600887060165405,a person running and then crawling before returning to a run.
1,310,0.010479207150638103,"a man dances throwing both arms up, takes a step to the right and then a step to the back whilst continuing to dance with his arms."
1,311,0.015070607885718346,person is doing different dance moves
1,312,2.2500760555267334,a person sets something down on the ground and then walks with big hip sway in a diaganol direction.
1,313,0.03552238643169403,a person walks side to side with arms extended as if dancing
1,314,0.03372562304139137,a person is moving around dancing with their arms.
1,315,0.03489653393626213,person facing forward does 5 small slow steps to the left then 5 slow steps to the  right
1,316,0.06124624237418175,the person walks forward at a steady pace while moving most of their left hand side of their body compared to their right
1,317,0.028843848034739494,walking forward then the body twirls around fast and keeps walking.
1,318,0.025675946846604347,the person is jumping rope very fast.
1,319,0.013336775824427605,a person swings their arms and body around as if they are dancing.
1,320,1.8646694421768188,"a person walks forward then steps to the right with a quick little stutter-step further to right, then immediately to the left and continues to walk in their original path."
1,321,0.019924907013773918,a person scamps around as if doing a victory dance.
1,322,0.06827667355537415,a person walks forward at a slow pace.
1,323,0.0368414968252182,a person throws an object with a fast arm motion.
1,324,0.11727152019739151,"a man bends his legs slightly then takes a medium-length jump forward, raising his forearms slightly then letting them hang loose on landing."
1,325,0.18814629316329956,a person squats down and then quickly makes a small jump straight up.
1,326,0.10399919748306274,"a person squats deeply, then swings themselves into a forward leap."
1,327,0.04057250916957855,"person squats with both knees bent, bringing hands together at chest, then straightens legs to jump straight upwards but lands slightly to their left considering their beginning position"
1,328,0.10056689381599426,a person takes a quick step forward.
1,329,0.02915140427649021,moving fast on the at front
1,330,0.06783692538738251,the person is  slow punching the air.
1,331,0.0064882636070251465,"person does light bouncy jump, skips forward with left leg swinging forward"
1,332,0.015970449894666672,"starting with their right foot, a person sidesteps fast back and forth."
1,333,0.08460555225610733,"a person is dancing and moving towards left, raising hands"
1,334,0.051514990627765656,a person is walking forward and dancing at the same time. they are throwing their limbs out in sudden movements and shaking their legs.
1,335,1.0092847347259521,"a man is hunched over, and he brings his right hand over to join his left as he makes slow stirring motions."
1,336,0.010431952774524689,person bends down and keeps legs straight flowing arms left to right before turning around and doing same back
1,337,0.22732360661029816,a person is running forward at a steady pace.
1,338,0.03653721883893013,a man does a little dance.
1,339,0.005272914655506611,a person throws their body forward and then to the side in an expressive way
1,340,0.041136566549539566,"a man shakes his wrists, jumps backwards with a spin, and then finishes by spreading his arms."
1,341,0.03857303038239479,"a person is with their hands on their legs, knees slightly bent, and they sway from side to side and then straighten arms out to the side."
1,342,0.018809480592608452,"person walks fast in a semi circular motion clockwise, then rapidly in a straight line."
1,343,0.049992721527814865,a person is doing the waltz dance
1,344,2.1607117652893066,the person took one jump down.
1,345,0.024836895987391472,this person appears to stumble as if fleftened.
1,346,0.04367449879646301,"person is dancing by bending right arm and right leg lifting and bending at the same time a few times, they repeat this on the left, they jump to the side and kick the left leg back, and then jump to the left"
1,347,1.5130378007888794,a person lifting one leg bent at the knee then the other the same way in a fast running in place motion.
1,348,0.017035696655511856,the person moves his arms around in a dancing motion.
1,349,0.7013444304466248,"imitates a ballet dance. right hand steps behind left, hands cur under than both lifts poisely."
1,350,0.10299873352050781,"the man is walking steadily not fast but not slow ,swinging his arms down word right to left right to left one foot in front of the other now one foot in front of the other."
1,351,0.02787734754383564,a person does broad jumps back and forth with a quick stretch in between jumps.
1,352,0.024658726528286934,the person is doing awkward arm movements to the head and then down in front.
1,353,0.9318372011184692,someone is doing jumping jacks in slow motion.
1,354,0.01261996477842331,a person walks forward at a relatively fast pace.
1,355,0.008489883504807949,a person is running a steady pace on a treadmill.
1,356,0.027330392971634865,"person shakes hands as if playing a drum, it begins fast and ends slow."
1,357,0.02198627032339573,a person walks forward fast.
1,358,0.09744656831026077,a person is dancing and waving their arms
1,359,1.4315530061721802,a person walks forward at fast pace.
1,360,0.021685265004634857,the man raises his hands and waves then fast in the air.
1,361,0.04191502556204796,obstacle courses sometimes require an athlete to run in a backwards motion.
1,362,0.011591989547014236,a person practice ballroom dancing by themselves
1,363,0.11484595388174057,a person walks straight forward at a fast pace.
1,364,0.04656705632805824,person is dancing arounds arms up.
1,365,1.3090296983718872,a person dancing with left arm in the air and bouncing back and forth
1,366,0.47548702359199524,a person taking a huge jump forward
1,367,0.060365770012140274,"the person does a little side to side dance, barely lifting its legs and bringing them down quickly, while shimmying its shoulders up and down slightly."
1,368,2.142063856124878,"a man is standing up, then bends down to take a big jump forward, leaps forward, and then stands back up straight."
1,369,0.807950496673584,a figure take 2 quick steps forwards
1,370,0.01589244417846203,a person who is standing with his hands by his sides takes deliberate steps on a treadmill.
1,371,0.03841438144445419,the man is dancing using both legs and arms
1,372,0.04167661815881729,"a person walks backwards, lifts their arms up, then down, then up agiain, then bends down, places hands on the ground amd dows a jump on to their knees. then they stamd up and step backwards"
1,373,0.04117858037352562,person is doing a dance
1,374,0.021176356822252274,a person is jogging / walking fast but not running in circles
1,375,0.9150104522705078,the person is running forward very fast.
1,376,0.025680286809802055,moving the hips and shoulders side to side making it a little dance.
1,377,0.3099325895309448,a person is sprinting fast
1,378,0.015040036290884018,"a person lifts his arms up in front of him, then mimics punching the air a few times. he then lowers his arms, and trots in a quick clockwise circle."
1,379,0.0171375535428524,a person does tricks while jump roping and then stops
1,380,0.39923420548439026,a lowers their arms and uses their left and right hands to steady themselves as they walk forward
1,381,0.06751683354377747,the person was walking really fast.
1,382,0.05818326026201248,robot turned back and climb on to something and jump started rolling on the ground and stands up.
1,383,0.020338410511612892,"a person is dancing, arms held up as to hold another person's shoulders, moving back and forth in a counterclockwise pattern."
1,384,0.026142900809645653,he does a run on the spot
1,385,0.019724374637007713,"a person does jumping jacks, spreading their arms and legs out and in with each jump"
1,386,0.011824745684862137,a person readies their jump rope and then begins skipping rope.
1,387,0.9497156143188477,the person is doing the lambada dance.
1,388,0.016282062977552414,"a person leans over and uses their arms to carry something heavy, stumbling forward with small steps."
1,389,0.02222091145813465,a a person practices a salsa dance routine by themselves
1,390,0.18895173072814941,the person jumped with the kick spin.
1,391,0.021378865465521812,a fast pace stepping forward with dribble hands then takes a shot.
1,392,0.01735522784292698,a person is walking forward and dancing at the same time. they are throwing their limbs out in sudden movements and shaking their legs.
1,393,0.0526403933763504,"a man bends his legs slightly then takes a medium-length jump forward, raising his forearms slightly then letting them hang loose on landing."
1,394,0.02437644638121128,a man is dancing around in a circle.
1,395,0.034461166709661484,"person starts running very quickly while swinging arms right and left in front of him in a very fast, violent manner, then speeding up before stopping."
1,396,0.010977020487189293,"a person waddles around like a penguin, then waves with their left hand, their right hand, and then a quick wave with both hands."
1,397,0.021409815177321434,a man dancing to salsa music
1,398,0.03318246826529503,a man is holding both arms out and then pulling them back in right to left as if he is transferring something heavy.
1,399,2.8835947513580322,a person runs forwards and comes to a slow stop.
1,400,0.03602812811732292,the person is doing a russian dance
2,401,2.2862539291381836,the person jump and punching back and forth at the same time using his left hands nine times and stop.
2,402,0.9572082757949829,"a man is hunched over, and he brings his right hand over to join his left as he makes slow stirring motions."
2,403,2.339024782180786,coming forward with small dance.
2,404,0.023931890726089478,obstacle courses sometimes require an athlete to run in a backwards motion.
2,405,2.139317750930786,a person sets something down on the ground and then walks with big hip sway in a diaganol direction.
2,406,0.058363694697618484,a person walks forward careful to avoid something that is on the ground.
2,407,0.03870929405093193,the man is dancing using both legs and arms
2,408,2.291637420654297,a person sets something down on the ground and then walks with big hip sway in a diaganol direction.
2,409,0.8769360184669495,the person is doing the lambada dance.
2,410,0.021480299532413483,person is doing a dance
2,411,0.10983724892139435,"a person is dancing and moving towards left, raising hands"
2,412,0.028113044798374176,"person does light bouncy jump, skips forward with left leg swinging forward"
2,413,0.052704185247421265,walking forward then the body twirls around fast and keeps walking.
2,414,0.028051989153027534,"a man stands up straight, then lifts both arms up over his head and bats them forward in a tired manner."
2,415,0.0489487387239933,"a person jumps repeatedly, throwing their arms above their head and stretching their legs with each jump."
2,416,0.058246660977602005,"a person lifts his arms up in front of him, then mimics punching the air a few times. he then lowers his arms, and trots in a quick clockwise circle."
2,417,2.7034871578216553,a person is dancing while running.
2,418,0.8759746551513672,"this person is walking forward at an easy but steady pace, starting with the right foot and completing 8 steps, ending with the right foot forward."
2,419,0.020047038793563843,the person moves his arms around in a dancing motion.
2,420,0.04878098517656326,"a person walks backwards, lifts their arms up, then down, then up agiain, then bends down, places hands on the ground amd dows a jump on to their knees. then they stamd up and step backwards"
2,421,0.6042865514755249,a person is sprinting fast
2,422,0.037601035088300705,"a person makes slow, wide steps forward."
2,423,0.03946666046977043,a person walks side to side with arms extended as if dancing
2,424,0.01428899820894003,a person picks up a heavy object and throws it with both hands.
2,425,0.02157922461628914,a person walks forward with stiff legs.
2,426,0.01233837753534317,he does a run on the spot
2,427,1.1224026679992676,a person taking a huge jump forward
2,428,0.06382809579372406,a person appears to be doing a dance.
2,429,0.13069207966327667,a person takes a couple quick steps forward.
2,430,1.8402481079101562,"a person reaches back with their right arm and throws something forward with a lot of force, then they steady themselves to remain balanced."
2,431,2.5758931636810303,a man walks backwards and then makes a large leap forward.
2,432,0.04900851845741272,person moves body in fast turn then rights something out of left hand very fast
2,433,3.019631862640381,dancing backward moving both arms.
2,434,0.028898805379867554,a person practice ballroom dancing by themselves
2,435,0.034902408719062805,a person who is standing with his arms by his sides takes four very slow steps forward.
2,436,0.01661626249551773,a person squats then stands up and dances then spins in a circle while dancing
2,437,0.04658137634396553,rising the hands and like tired.
2,438,0.04134303331375122,a a person practices a salsa dance routine by themselves
2,439,0.020947106182575226,a person who is standing with his hands by his sides takes deliberate steps on a treadmill.
2,440,0.027400506660342216,"a person is dancing, arms held up as to hold another person's shoulders, moving back and forth in a counterclockwise pattern."
2,441,0.16198214888572693,a person squats down and then quickly makes a small jump straight up.
2,442,0.0037787125911563635,"a person turns towards to the right, picks up a heavy object and turns and set it down in front of him."
2,443,0.02687181532382965,a person walks forward at a relatively fast pace.
2,444,0.2477436363697052,a person run fast across a room
2,445,0.03293829783797264,a person is walking forward and dancing at the same time. they are throwing their limbs out in sudden movements and shaking their legs.
2,446,0.029451878741383553,the man takes a quick step forward starting with his right foot.
2,447,0.020896444097161293,a person walks forward and then starts dancing.
2,448,0.03248031437397003,the person jumped with the kick spin.
2,449,0.6144005060195923,a figure take 2 quick steps forwards
2,450,0.010555434972047806,"a person walks in a slow clockwise circle, stopping in a standing position."
2,451,0.004447200335562229,a person takes a quick step backwards towards their right hand side
2,452,0.035739537328481674,"starting with their right foot, a person sidesteps fast back and forth."
2,453,0.031175024807453156,"person starts running very quickly while swinging arms right and left in front of him in a very fast, violent manner, then speeding up before stopping."
2,454,0.015310456976294518,a person takes a jump rope and starts jumping rope.
2,455,0.05577240139245987,a person holds their arms out and makes steps as if dancing.
2,456,0.04022477567195892,"a person walks forward, then dances backwards and then begins a spin in a clockwise direction with arms raising"
2,457,0.04977302625775337,person walks fast on the spot
2,458,0.017332788556814194,"a man bends his legs slightly then takes a medium-length jump forward, raising his forearms slightly then letting them hang loose on landing."
2,459,3.1109492778778076,the person took one jump down.
2,460,0.030136078596115112,a person throws an object with a fast arm motion.
2,461,0.02844785898923874,"a person is with their hands on their legs, knees slightly bent, and they sway from side to side and then straighten arms out to the side."
2,462,0.02131541259586811,"the man is walking steadily not fast but not slow ,swinging his arms down word right to left right to left one foot in front of the other now one foot in front of the other."
2,463,0.03812169283628464,person bends down and keeps legs straight flowing arms left to right before turning around and doing same back
2,464,0.7468252182006836,"the person steps into a martial arts stance, kicks and thrusts its right leg forward, bring itself back into a martial arts stance."
2,465,0.04235108941793442,a fast limp on the right foot.
2,466,0.04353069141507149,"a person dancing in certain rotating motion, then raising his or her hand up"
2,467,0.3008497953414917,the person is running forward very fast.
2,468,0.025573572143912315,this person holds his arms up as if to dance with a partner.
2,469,0.011013192124664783,a person is performing a dance
2,470,0.02677430957555771,a red and blue stick figure is standing and mimics the “walk like and egyptian” dance.
2,471,0.03161820024251938,"a figure gestures as though it is digging with a shovel. the figure stops dancing around 7 second mark, and seems to place a plant or tree into the hole it has dug."
2,472,0.024915315210819244,person is doing different dance moves
2,473,0.009570182301104069,a person walking in fast pace.
2,474,0.022166816517710686,"person is dancing by bending right arm and right leg lifting and bending at the same time a few times, they repeat this on the left, they jump to the side and kick the left leg back, and then jump to the left"
2,475,0.018313445150852203,a person made a quick jump forward
2,476,0.029762977734208107,"person squats with both knees bent, bringing hands together at chest, then straightens legs to jump straight upwards but lands slightly to their left considering their beginning position"
2,477,0.07464546710252762,a person who is standing with his hands by his sides takes four slow steps forward.
2,478,0.02136680856347084,this person appears to stumble as if fleftened.
2,479,0.06208556890487671,"a person takes some purposeful and quick strides forward, then starts to slow down."
2,480,0.03894912824034691,person facing forward does 5 small slow steps to the left then 5 slow steps to the  right
2,481,3.0871949195861816,the figure appears to step over something with a slightly awkward walk before turning so that we are seeing their back.
2,482,0.03679113835096359,"a man shakes his wrists, jumps backwards with a spin, and then finishes by spreading his arms."
2,483,1.2070313692092896,a person lifting one leg bent at the knee then the other the same way in a fast running in place motion.
2,484,0.07809405773878098,a person doing a jump pose.
2,485,0.027425140142440796,"a person makes small steps foward, turns around, makes quick small steps back, then stops and turns around."
2,486,2.092599868774414,"a man is standing up, then bends down to take a big jump forward, leaps forward, and then stands back up straight."
2,487,2.0942063331604004,a person dancing with left arm in the air and bouncing back and forth
2,488,0.017038580030202866,robot turned back and climb on to something and jump started rolling on the ground and stands up.
2,489,0.007666877470910549,a person does broad jumps back and forth with a quick stretch in between jumps.
2,490,0.9327929019927979,someone is doing jumping jacks in slow motion.
2,491,0.03360244259238243,the figure takes a few steps forward and does a quick spin (180 degrees) on their left heel and swaying as they step out of the turn.
2,492,2.655935049057007,a person runs forwards and comes to a slow stop.
2,493,0.05367683991789818,a colorful animated drawing moving around as if it is dancing.
2,494,0.12993893027305603,the person is doing a quick punch kick.
2,495,0.03418781980872154,a person bends forward with left/left hands quickly to touch left/left toes directly in front of hands. a person twists torso left/left with waist fast facing left/left. a person lifts left/left hands fast above left/left shoulder at the same time. a person bends torso left/left hand sides fast facing forward
2,496,0.017826896160840988,a person struggles to hold a heavy object before dropping it.
2,497,0.0734575018286705,a person is walking forward and dancing at the same time. they are throwing their limbs out in sudden movements and shaking their legs.
2,498,0.02459825575351715,a person is dancing quickly and having fun.
2,499,0.03188297525048256,a person is moving around dancing with their arms.
2,500,2.481520175933838,"a person walks forward then steps to the right with a quick little stutter-step further to right, then immediately to the left and continues to walk in their original path."
2,501,0.018829869106411934,the person is doing a fancy dance.
2,502,1.6148266792297363,"a person walks forward at a leisurely, somewhat slow pace."
2,503,0.016895750537514687,"a person leans over and uses their arms to carry something heavy, stumbling forward with small steps."
2,504,0.021176669746637344,a person walks forward at a fast pace with hands moving at the wrist
2,505,0.0543128177523613,a person readies their jump rope and then begins skipping rope.
2,506,0.03693521395325661,"a person jogs forward, does a little dance then jogs back."
2,507,0.09111098200082779,"a person takes slow, wide steps forward."
2,508,0.335140198469162,a person is running forward at a steady pace.
2,509,0.03252517804503441,a person walking forward in a steady pace
2,510,2.1597185134887695,the man is jumping jump
2,511,0.05220819637179375,the person is jumping rope very fast.
2,512,0.048109687864780426,a man is holding both arms out and then pulling them back in right to left as if he is transferring something heavy.
2,513,0.02994636446237564,a person kicking with their right leg twice then kicking once with their left leg in a fast pace.
2,514,0.019130365923047066,"a man dances throwing both arms up, takes a step to the right and then a step to the back whilst continuing to dance with his arms."
2,515,0.07160748541355133,a person walks forward at a slow pace.
2,516,0.034436147660017014,"a person does jumping jacks, spreading their arms and legs out and in with each jump"
2,517,1.3428806066513062,a person walks forward at fast pace.
2,518,0.0070713479071855545,a man does a little dance.
2,519,0.4402785003185272,"imitates a ballet dance. right hand steps behind left, hands cur under than both lifts poisely."
2,520,0.019738074392080307,the person seems to be 'beat boxing' and drops to the ground swinging his left foot over in a circular direction and using that momentum to to propel himself to spin over his right shoulder first then his left so he ends up seated again.
2,521,0.048907436430454254,robot is performing different step of dance and moving left right.
2,522,0.021624337881803513,a person bends over and does a standing jump forward.
2,523,0.019457992166280746,a person scamps around as if doing a victory dance.
2,524,0.07844049483537674,a person walks straight forward at a fast pace.
2,525,0.025161972269415855,the man is doing dance waltz
2,526,0.038788773119449615,"the person does a little side to side dance, barely lifting its legs and bringing them down quickly, while shimmying its shoulders up and down slightly."
2,527,2.058466911315918,person walks slowly from upper left to bottom right using handrails to steady their steps.
2,528,0.12358129024505615,a person appears to be dancing like a chicken
2,529,0.03254105895757675,a person doing the i'm a little tea pot dance.
2,530,0.04048512130975723,the man raises his hands and waves then fast in the air.
2,531,0.05967407301068306,a person takes three quick steps backward.
2,532,0.04275919869542122,person is dancing arounds arms up.
2,533,0.0891534760594368,a person is doing the waltz dance
2,534,0.04924612492322922,a person takes a quick step forward.
2,535,0.05048646777868271,a person throws their body forward and then to the side in an expressive way
2,536,0.02243644930422306,a fast pace stepping forward with dribble hands then takes a shot.
2,537,1.5751253366470337,person faces forward then jumps to their right then they bend they knees and jump spin twice before standing still
2,538,0.05620376020669937,the person is dancing the cha cha .
2,539,0.05222660303115845,the person is moving someone or hands around dancing.
2,540,0.045080799609422684,a person does a small 180 degree jump turn then turns back around to the front.
2,541,0.08685450255870819,a person does a dance move by twisting to the right and then extending the right arm into the arm.
2,542,0.026323916390538216,"person shakes hands as if playing a drum, it begins fast and ends slow."
2,543,0.06684236228466034,person is slow walking down.
2,544,0.09022554010152817,a man performs one quick jump into the air and lands on his feet.
2,545,0.084275983273983,the person is walking very slow
2,546,0.010853070765733719,a man is dancing around in a circle.
2,547,0.019680289551615715,a person does tricks while jump roping and then stops
2,548,0.011021411046385765,moving the hips and shoulders side to side making it a little dance.
2,549,0.2945106625556946,a person does a small jump
2,550,0.010636584833264351,"a person waddles around like a penguin, then waves with their left hand, their right hand, and then a quick wave with both hands."
2,551,0.07695911824703217,"a person squats deeply, then swings themselves into a forward leap."
2,552,0.21434736251831055,he does a walk run
2,553,0.03261192515492439,a person is ballroom dancing with someone.
2,554,0.05276678130030632,"a person jumps and spins in place, then when they land they run forward, stop, and run backwards"
2,555,0.04551049694418907,"a man bends his legs slightly then takes a medium-length jump forward, raising his forearms slightly then letting them hang loose on landing."
2,556,0.020285584032535553,he is jumping very fast.
2,557,0.07617636024951935,a man stands casually with his arms to his sides than takes 4 slow steps backwards starting with his left and then stops.
2,558,0.06729354709386826,a person walks forward really fast.
2,559,0.06396970897912979,"a person takes two slow steps forward, pivots on their right foot 180deg, then takes two more slow steps forward."
2,560,0.042106155306100845,a person jump once on the spot.
2,561,0.029272327199578285,this person is jumping up and down as if to jump rope.
2,562,0.019333893433213234,a man dancing to salsa music
2,563,0.06477615237236023,person is hopping slightly up and down very fast with their hands up in the air
2,564,0.10777291655540466,the person is doing the chicken dance.
2,565,0.05876103788614273,person takes fast steps forwards
2,566,0.10947445780038834,a person walks forward at a steady pace
2,567,0.0227256640791893,the man is walking at a quick pace with his hands and feet swinging and appears to be in a hurry.
2,568,0.012718641199171543,"a person does the ""i'm a little teapot"" dance, making a handle with his left arm and a spout with his right arm."
2,569,0.24968214333057404,a person doing a fun dance.
2,570,0.027105826884508133,a person bends down to pick up a heavy item from the ground using both hands and gives it to another person.
2,571,0.01784650608897209,the person is doing awkward arm movements to the head and then down in front.
2,572,0.07716681063175201,the person is  slow punching the air.
2,573,0.07919475436210632,"a person holds their arms in front of them, and makes a quick punch with their left arm."
2,574,0.009460163302719593,"a person walks downstairs, before making a little jump at the bottom."
2,575,0.003389577614143491,"someone starts stumbling towards the left, then starts to stumble in a figure eight position to realign and halt before completing the figure eight."
2,576,0.6971126198768616,a person lifts something heavy with their right arm.
2,577,0.06849384307861328,the person was walking really fast.
2,578,0.49653324484825134,someone seems to be dancing
2,579,1.3865604400634766,a person running and then crawling before returning to a run.
2,580,0.08539704978466034,the person walks forward at a steady pace while moving most of their left hand side of their body compared to their right
2,581,0.033744506537914276,the person is standing up. they raise their hands up with fingers spread like jazz hands. hands and hips move back and forth like it is dancing.
2,582,0.012145809829235077,a man walks backwards and the starts jump roping.
2,583,0.03688277676701546,a man walks forward fast.
2,584,0.23697347939014435,a lowers their arms and uses their left and right hands to steady themselves as they walk forward
2,585,0.0706396996974945,a person is dancing and waving their arms
2,586,0.026424802839756012,"person walks fast in a semi circular motion clockwise, then rapidly in a straight line."
2,587,0.4048248827457428,the person took a small jump forward.
2,588,0.021837959066033363,a person is salsa dancing.
2,589,0.03671879693865776,a person is running a steady pace on a treadmill.
2,590,0.02052139677107334,the person is doing a russian dance
2,591,0.05235627293586731,moving fast on the at front
2,592,0.03398428112268448,"a person walked backwards, and grabbed something and start jump"
2,593,0.025136424228549004,he uplift his right hand and moving it fast again and again.
2,594,0.015092015266418457,a person is jogging / walking fast but not running in circles
2,595,0.06438762694597244,"a person walks forward at a slow pace and stops, holding position."
2,596,0.042454611510038376,a person breaks into an enthusiastic dance.
2,597,0.028116878122091293,the man is walking at a quick pace with his hands and feet swinging and appears to be in a hurry.
2,598,0.04880114644765854,a person walks with a limp
2,599,0.011454380117356777,a person walks forward fast.
2,600,0.02297474816441536,a person swings their arms and body around as if they are dancing.
3,601,0.04444310441613197,walking forward then the body twirls around fast and keeps walking.
3,602,0.08721549063920975,"a person takes some purposeful and quick strides forward, then starts to slow down."
3,603,0.018620550632476807,a person readies their jump rope and then begins skipping rope.
3,604,0.02968485653400421,rising the hands and like tired.
3,605,0.026289302855730057,this person is jumping up and down as if to jump rope.
3,606,0.13662299513816833,person is hopping slightly up and down very fast with their hands up in the air
3,607,0.693103015422821,a figure take 2 quick steps forwards
3,608,0.05983508378267288,a person takes three quick steps backward.
3,609,0.02556416019797325,a person is performing a dance
3,610,0.014907111413776875,a fast pace stepping forward with dribble hands then takes a shot.
3,611,1.1344342231750488,someone is doing jumping jacks in slow motion.
3,612,0.023633167147636414,a person is jogging / walking fast but not running in circles
3,613,0.057223130017519,a fast limp on the right foot.
3,614,0.036583226174116135,the man takes a quick step forward starting with his right foot.
3,615,0.03630434721708298,"a person jumps repeatedly, throwing their arms above their head and stretching their legs with each jump."
3,616,0.0495133213698864,a person picks up a heavy object and throws it with both hands.
3,617,2.4039697647094727,a person sets something down on the ground and then walks with big hip sway in a diaganol direction.
3,618,0.015113391913473606,"a man stands up straight, then lifts both arms up over his head and bats them forward in a tired manner."
3,619,0.029101531952619553,"a person is dancing, arms held up as to hold another person's shoulders, moving back and forth in a counterclockwise pattern."
3,620,0.005095923785120249,a person takes a quick step backwards towards their right hand side
3,621,0.04395495727658272,a person holds their arms out and makes steps as if dancing.
3,622,0.12423668056726456,a person run fast across a room
3,623,0.043580230325460434,he does a run on the spot
3,624,0.04231914132833481,the man is walking at a quick pace with his hands and feet swinging and appears to be in a hurry.
3,625,0.033122189342975616,a person walks forward at a slow pace.
3,626,0.018893195316195488,"a man shakes his wrists, jumps backwards with a spin, and then finishes by spreading his arms."
3,627,0.022732963785529137,a person walks forward and then starts dancing.
3,628,1.932081699371338,"a man is standing up, then bends down to take a big jump forward, leaps forward, and then stands back up straight."
3,629,0.03477385640144348,"a person takes two slow steps forward, pivots on their right foot 180deg, then takes two more slow steps forward."
3,630,0.41822299361228943,a lowers their arms and uses their left and right hands to steady themselves as they walk forward
3,631,1.6428166627883911,a person lifting one leg bent at the knee then the other the same way in a fast running in place motion.
3,632,0.046861741691827774,a person walks with a limp
3,633,0.03181175887584686,the person jumped with the kick spin.
3,634,0.034315112978219986,a a person practices a salsa dance routine by themselves
3,635,0.013633969239890575,a person does broad jumps back and forth with a quick stretch in between jumps.
3,636,0.037247031927108765,a man dancing to salsa music
3,637,0.01523402240127325,a man is dancing around in a circle.
3,638,0.07995446771383286,moving fast on the at front
3,639,1.2771644592285156,person walks slowly from upper left to bottom right using handrails to steady their steps.
3,640,2.932955741882324,dancing backward moving both arms.
3,641,0.06006249785423279,a person appears to be doing a dance.
3,642,0.040558136999607086,"person is dancing by bending right arm and right leg lifting and bending at the same time a few times, they repeat this on the left, they jump to the side and kick the left leg back, and then jump to the left"
3,643,0.030230369418859482,"a person walks downstairs, before making a little jump at the bottom."
3,644,0.12491593509912491,a person walks forward at a steady pace
3,645,2.1162538528442383,"a person reaches back with their right arm and throws something forward with a lot of force, then they steady themselves to remain balanced."
3,646,0.09938841313123703,"a person takes slow, wide steps forward."
3,647,0.015605752356350422,"someone starts stumbling towards the left, then starts to stumble in a figure eight position to realign and halt before completing the figure eight."
3,648,0.028644932433962822,the person is moving someone or hands around dancing.
3,649,0.03715555742383003,the person was walking really fast.
3,650,0.021180039271712303,the person is doing a fancy dance.
3,651,0.014774857088923454,"a person walks forward at a slow pace and stops, holding position."
3,652,2.3819167613983154,a person sets something down on the ground and then walks with big hip sway in a diaganol direction.
3,653,0.0636913999915123,a person who is standing with his hands by his sides takes four slow steps forward.
3,654,0.03286755457520485,the person is doing a russian dance
3,655,0.00934538897126913,a person is ballroom dancing with someone.
3,656,2.7434635162353516,coming forward with small dance.
3,657,0.02921215444803238,"person squats with both knees bent, bringing hands together at chest, then straightens legs to jump straight upwards but lands slightly to their left considering their beginning position"
3,658,0.42584189772605896,a person taking a huge jump forward
3,659,0.04079229757189751,the man is dancing using both legs and arms
3,660,0.057761888951063156,a person bends forward with left/left hands quickly to touch left/left toes directly in front of hands. a person twists torso left/left with waist fast facing left/left. a person lifts left/left hands fast above left/left shoulder at the same time. a person bends torso left/left hand sides fast facing forward
3,661,0.43476614356040955,a person does a small jump
3,662,1.3358430862426758,a person dancing with left arm in the air and bouncing back and forth
3,663,0.02526606246829033,"a person dancing in certain rotating motion, then raising his or her hand up"
3,664,0.02138102799654007,"a figure gestures as though it is digging with a shovel. the figure stops dancing around 7 second mark, and seems to place a plant or tree into the hole it has dug."
3,665,0.02223551645874977,"a person squats deeply, then swings themselves into a forward leap."
3,666,0.6924447417259216,a person lifts something heavy with their right arm.
3,667,0.02886786125600338,the person seems to be 'beat boxing' and drops to the ground swinging his left foot over in a circular direction and using that momentum to to propel himself to spin over his right shoulder first then his left so he ends up seated again.
3,668,0.6718595027923584,"this person is walking forward at an easy but steady pace, starting with the right foot and completing 8 steps, ending with the right foot forward."
3,669,0.03773010894656181,the man is doing dance waltz
3,670,0.015688614919781685,a person throws an object with a fast arm motion.
3,671,0.053395893424749374,person bends down and keeps legs straight flowing arms left to right before turning around and doing same back
3,672,0.032362136989831924,a person jump once on the spot.
3,673,0.03176092728972435,"a person jumps and spins in place, then when they land they run forward, stop, and run backwards"
3,674,0.01805471070110798,"a man dances throwing both arms up, takes a step to the right and then a step to the back whilst continuing to dance with his arms."
3,675,1.1474624872207642,"a person walks forward at a leisurely, somewhat slow pace."
3,676,0.05846818536520004,the person is doing the chicken dance.
3,677,0.052306290715932846,a person walking forward in a steady pace
3,678,0.1460663229227066,the person is  slow punching the air.
3,679,1.784820318222046,a man walks backwards and then makes a large leap forward.
3,680,0.10531330108642578,a man walks forward fast.
3,681,0.032719533890485764,he is jumping very fast.
3,682,0.14036999642848969,the person took a small jump forward.
3,683,0.051536764949560165,a person made a quick jump forward
3,684,0.02405155636370182,"starting with their right foot, a person sidesteps fast back and forth."
3,685,0.057591527700424194,he uplift his right hand and moving it fast again and again.
3,686,0.008741062134504318,a person practice ballroom dancing by themselves
3,687,0.009570874273777008,"a person is dancing and moving towards left, raising hands"
3,688,0.01527841854840517,a man does a little dance.
3,689,0.04368734359741211,person is slow walking down.
3,690,0.048136156052351,a person walks forward at a relatively fast pace.
3,691,0.015384046360850334,a person walks forward careful to avoid something that is on the ground.
3,692,2.2877795696258545,a person runs forwards and comes to a slow stop.
3,693,0.008828668855130672,a red and blue stick figure is standing and mimics the “walk like and egyptian” dance.
3,694,3.3592333793640137,the person jump and punching back and forth at the same time using his left hands nine times and stop.
3,695,0.021485019475221634,a man performs one quick jump into the air and lands on his feet.
3,696,0.033082347363233566,a person swings their arms and body around as if they are dancing.
3,697,0.008167079649865627,a person is running a steady pace on a treadmill.
3,698,0.01400335319340229,a person scamps around as if doing a victory dance.
3,699,0.07841232419013977,person is dancing arounds arms up.
3,700,0.01444245595484972,a person does a small 180 degree jump turn then turns back around to the front.
3,701,0.01480911485850811,"a person leans over and uses their arms to carry something heavy, stumbling forward with small steps."
3,702,2.0451819896698,"a person walks forward then steps to the right with a quick little stutter-step further to right, then immediately to the left and continues to walk in their original path."
3,703,0.03527141362428665,a person breaks into an enthusiastic dance.
3,704,0.076295405626297,the person is walking very slow
3,705,0.046398334205150604,"a person makes small steps foward, turns around, makes quick small steps back, then stops and turns around."
3,706,0.04112023860216141,"person walks fast in a semi circular motion clockwise, then rapidly in a straight line."
3,707,0.006961241364479065,the man raises his hands and waves then fast in the air.
3,708,1.8908542394638062,the person took one jump down.
3,709,0.06907737255096436,a man stands casually with his arms to his sides than takes 4 slow steps backwards starting with his left and then stops.
3,710,0.022242410108447075,"a person lifts his arms up in front of him, then mimics punching the air a few times. he then lowers his arms, and trots in a quick clockwise circle."
3,711,0.06344729661941528,the person is jumping rope very fast.
3,712,0.030339566990733147,a person walks side to side with arms extended as if dancing
3,713,0.254081666469574,the person is running forward very fast.
3,714,0.009676986373960972,person facing forward does 5 small slow steps to the left then 5 slow steps to the  right
3,715,0.007497438695281744,a person throws their body forward and then to the side in an expressive way
3,716,1.1317332983016968,a person running and then crawling before returning to a run.
3,717,0.010389106348156929,robot turned back and climb on to something and jump started rolling on the ground and stands up.
3,718,0.03276090323925018,person moves body in fast turn then rights something out of left hand very fast
3,719,0.08201908320188522,"person shakes hands as if playing a drum, it begins fast and ends slow."
3,720,0.009326069615781307,a person takes a jump rope and starts jumping rope.
3,721,0.08459989726543427,"a person walks forward, then dances backwards and then begins a spin in a clockwise direction with arms raising"
3,722,0.025467388331890106,a person bends down to pick up a heavy item from the ground using both hands and gives it to another person.
3,723,0.045425575226545334,a person bends over and does a standing jump forward.
3,724,1.3126728534698486,person faces forward then jumps to their right then they bend they knees and jump spin twice before standing still
3,725,0.03353685885667801,a person walks forward at a fast pace with hands moving at the wrist
3,726,0.020337076857686043,"a person makes slow, wide steps forward."
3,727,0.0383400060236454,person walks fast on the spot
3,728,0.060836728662252426,a person walks forward with stiff legs.
3,729,0.11125409603118896,a person takes a couple quick steps forward.
3,730,0.028416147455573082,a person is doing the waltz dance
3,731,0.00948391668498516,a person struggles to hold a heavy object before dropping it.
3,732,0.029031358659267426,a person is moving around dancing with their arms.
3,733,0.025157315656542778,a person who is standing with his hands by his sides takes deliberate steps on a treadmill.
3,734,0.23474058508872986,a person is sprinting fast
3,735,0.03581041097640991,the person moves his arms around in a dancing motion.
3,736,0.35427311062812805,someone seems to be dancing
3,737,0.15117260813713074,a person appears to be dancing like a chicken
3,738,0.029712986201047897,a person is salsa dancing.
3,739,0.07229721546173096,person is doing a dance
3,740,0.17968086898326874,he does a walk run
3,741,0.01795012317597866,"a person jogs forward, does a little dance then jogs back."
3,742,0.12347225099802017,"a man bends his legs slightly then takes a medium-length jump forward, raising his forearms slightly then letting them hang loose on landing."
3,743,0.07092330604791641,a person squats down and then quickly makes a small jump straight up.
3,744,0.027109665796160698,a person doing the i'm a little tea pot dance.
3,745,0.04928595572710037,a person is dancing and waving their arms
3,746,2.742919445037842,a person is dancing while running.
3,747,0.06241467967629433,robot is performing different step of dance and moving left right.
3,748,0.013140261173248291,a man is holding both arms out and then pulling them back in right to left as if he is transferring something heavy.
3,749,0.029483404010534286,"a person does jumping jacks, spreading their arms and legs out and in with each jump"
3,750,0.0195409394800663,a person does a dance move by twisting to the right and then extending the right arm into the arm.
3,751,2.9677793979644775,the figure appears to step over something with a slightly awkward walk before turning so that we are seeing their back.
3,752,0.049279890954494476,person takes fast steps forwards
3,753,0.15157224237918854,the person is doing a quick punch kick.
3,754,0.06265123188495636,the person is dancing the cha cha .
3,755,0.15207111835479736,a person doing a fun dance.
3,756,0.02322458103299141,"a person walks in a slow clockwise circle, stopping in a standing position."
3,757,0.013287779875099659,the man is walking at a quick pace with his hands and feet swinging and appears to be in a hurry.
3,758,0.021004509180784225,"a person is with their hands on their legs, knees slightly bent, and they sway from side to side and then straighten arms out to the side."
3,759,0.7584517598152161,"a man is hunched over, and he brings his right hand over to join his left as he makes slow stirring motions."
3,760,0.0269771795719862,"a person waddles around like a penguin, then waves with their left hand, their right hand, and then a quick wave with both hands."
3,761,0.1303120255470276,the person is standing up. they raise their hands up with fingers spread like jazz hands. hands and hips move back and forth like it is dancing.
3,762,0.04889263957738876,a person is walking forward and dancing at the same time. they are throwing their limbs out in sudden movements and shaking their legs.
3,763,0.06263694912195206,a person walks forward really fast.
3,764,0.018338574096560478,a person kicking with their right leg twice then kicking once with their left leg in a fast pace.
3,765,0.03744727373123169,"the man is walking steadily not fast but not slow ,swinging his arms down word right to left right to left one foot in front of the other now one foot in front of the other."
3,766,0.01770690456032753,the person is doing awkward arm movements to the head and then down in front.
3,767,0.046482205390930176,a person who is standing with his arms by his sides takes four very slow steps forward.
3,768,0.03530190512537956,a man walks backwards and the starts jump roping.
3,769,0.005644094664603472,this person appears to stumble as if fleftened.
3,770,0.024428509175777435,a person is walking forward and dancing at the same time. they are throwing their limbs out in sudden movements and shaking their legs.
3,771,1.511462688446045,a person walks forward at fast pace.
3,772,0.02155297063291073,this person holds his arms up as if to dance with a partner.
3,773,0.027441807091236115,"a person holds their arms in front of them, and makes a quick punch with their left arm."
3,774,0.025716479867696762,a person walking in fast pace.
3,775,0.0112931402400136,the person walks forward at a steady pace while moving most of their left hand side of their body compared to their right
3,776,0.02385406382381916,a person is dancing quickly and having fun.
3,777,0.009333198890089989,the figure takes a few steps forward and does a quick spin (180 degrees) on their left heel and swaying as they step out of the turn.
3,778,0.036914434283971786,"a man bends his legs slightly then takes a medium-length jump forward, raising his forearms slightly then letting them hang loose on landing."
3,779,0.019324885681271553,a person squats then stands up and dances then spins in a circle while dancing
3,780,0.17107777297496796,a person is running forward at a steady pace.
3,781,0.05138813331723213,"person does light bouncy jump, skips forward with left leg swinging forward"
3,782,0.05982101336121559,a colorful animated drawing moving around as if it is dancing.
3,783,0.4394724369049072,"the person steps into a martial arts stance, kicks and thrusts its right leg forward, bring itself back into a martial arts stance."
3,784,0.04177373647689819,"a person walks backwards, lifts their arms up, then down, then up agiain, then bends down, places hands on the ground amd dows a jump on to their knees. then they stamd up and step backwards"
3,785,0.017756778746843338,a person doing a jump pose.
3,786,0.008012735284864902,"a person walked backwards, and grabbed something and start jump"
3,787,0.06069724261760712,a person takes a quick step forward.
3,788,0.034987688064575195,a person walks forward fast.
3,789,0.013518030755221844,"a person turns towards to the right, picks up a heavy object and turns and set it down in front of him."
3,790,0.01459459587931633,"a person does the ""i'm a little teapot"" dance, making a handle with his left arm and a spout with his right arm."
3,791,0.021116560325026512,person is doing different dance moves
3,792,0.0669841319322586,"the person does a little side to side dance, barely lifting its legs and bringing them down quickly, while shimmying its shoulders up and down slightly."
3,793,0.40908879041671753,"imitates a ballet dance. right hand steps behind left, hands cur under than both lifts poisely."
3,794,0.05627543479204178,"person starts running very quickly while swinging arms right and left in front of him in a very fast, violent manner, then speeding up before stopping."
3,795,0.0426507294178009,obstacle courses sometimes require an athlete to run in a backwards motion.
3,796,0.010217972099781036,moving the hips and shoulders side to side making it a little dance.
3,797,0.06130225211381912,a person walks straight forward at a fast pace.
3,798,2.0852723121643066,the man is jumping jump
3,799,0.9902068972587585,the person is doing the lambada dance.
3,800,0.007366173900663853,a person does tricks while jump roping and then stops
4,801,0.7786117196083069,a figure take 2 quick steps forwards
4,802,0.058767884969711304,robot is performing different step of dance and moving left right.
4,803,0.013407533057034016,a person walking forward in a steady pace
4,804,0.027710644528269768,a man performs one quick jump into the air and lands on his feet.
4,805,0.025060897693037987,"a person walks forward, then dances backwards and then begins a spin in a clockwise direction with arms raising"
4,806,0.04921121895313263,the man raises his hands and waves then fast in the air.
4,807,0.6630839705467224,"this person is walking forward at an easy but steady pace, starting with the right foot and completing 8 steps, ending with the right foot forward."
4,808,3.2312283515930176,a person is dancing while running.
4,809,0.05835344269871712,a person holds their arms out and makes steps as if dancing.
4,810,0.021862391382455826,a person walks forward at a relatively fast pace.
4,811,0.19040022790431976,"a person takes two slow steps forward, pivots on their right foot 180deg, then takes two more slow steps forward."
4,812,0.07540975511074066,a man walks forward fast.
4,813,0.03635038062930107,a person is running a steady pace on a treadmill.
4,814,0.03914828225970268,"a person takes slow, wide steps forward."
4,815,0.015251100063323975,"person is dancing by bending right arm and right leg lifting and bending at the same time a few times, they repeat this on the left, they jump to the side and kick the left leg back, and then jump to the left"
4,816,0.04784515127539635,the person jumped with the kick spin.
4,817,0.028764070942997932,"person walks fast in a semi circular motion clockwise, then rapidly in a straight line."
4,818,0.0317007414996624,"a person walked backwards, and grabbed something and start jump"
4,819,1.5638576745986938,"a person reaches back with their right arm and throws something forward with a lot of force, then they steady themselves to remain balanced."
4,820,0.011552052572369576,a person kicking with their right leg twice then kicking once with their left leg in a fast pace.
4,821,0.05075962468981743,the person is standing up. they raise their hands up with fingers spread like jazz hands. hands and hips move back and forth like it is dancing.
4,822,0.013751396909356117,"a person makes slow, wide steps forward."
4,823,0.10570831596851349,a person is sprinting fast
4,824,0.048496995121240616,a person is doing the waltz dance
4,825,0.03674286976456642,the figure takes a few steps forward and does a quick spin (180 degrees) on their left heel and swaying as they step out of the turn.
4,826,0.03380222246050835,a person walks forward fast.
4,827,2.1113619804382324,a person runs forwards and comes to a slow stop.
4,828,0.01622392237186432,a person throws an object with a fast arm motion.
4,829,0.0321529395878315,"a person lifts his arms up in front of him, then mimics punching the air a few times. he then lowers his arms, and trots in a quick clockwise circle."
4,830,0.03400909900665283,a person is walking forward and dancing at the same time. they are throwing their limbs out in sudden movements and shaking their legs.
4,831,0.03002752736210823,the man is doing dance waltz
4,832,1.6566580533981323,a man walks backwards and then makes a large leap forward.
4,833,0.01270198542624712,a person does a dance move by twisting to the right and then extending the right arm into the arm.
4,834,1.7763413190841675,the person jump and punching back and forth at the same time using his left hands nine times and stop.
4,835,0.02994564175605774,"someone starts stumbling towards the left, then starts to stumble in a figure eight position to realign and halt before completing the figure eight."
4,836,0.019868191331624985,person bends down and keeps legs straight flowing arms left to right before turning around and doing same back
4,837,0.017866473644971848,a man dancing to salsa music
4,838,0.03319457545876503,a person squats then stands up and dances then spins in a circle while dancing
4,839,0.017971055582165718,the person moves his arms around in a dancing motion.
4,840,0.15319503843784332,a person squats down and then quickly makes a small jump straight up.
4,841,0.030552301555871964,a person practice ballroom dancing by themselves
4,842,0.023486662656068802,a man stands casually with his arms to his sides than takes 4 slow steps backwards starting with his left and then stops.
4,843,0.03830573707818985,a person takes a quick step backwards towards their right hand side
4,844,0.01623365841805935,"a figure gestures as though it is digging with a shovel. the figure stops dancing around 7 second mark, and seems to place a plant or tree into the hole it has dug."
4,845,0.01158074289560318,"a person leans over and uses their arms to carry something heavy, stumbling forward with small steps."
4,846,0.013963618315756321,person facing forward does 5 small slow steps to the left then 5 slow steps to the  right
4,847,0.026595380157232285,a red and blue stick figure is standing and mimics the “walk like and egyptian” dance.
4,848,2.3543059825897217,a person sets something down on the ground and then walks with big hip sway in a diaganol direction.
4,849,0.022500723600387573,"a person walks backwards, lifts their arms up, then down, then up agiain, then bends down, places hands on the ground amd dows a jump on to their knees. then they stamd up and step backwards"
4,850,1.497044563293457,a person lifting one leg bent at the knee then the other the same way in a fast running in place motion.
4,851,0.008538511581718922,person walks fast on the spot
4,852,0.028486033901572227,a person is performing a dance
4,853,0.3514311909675598,a lowers their arms and uses their left and right hands to steady themselves as they walk forward
4,854,0.7272265553474426,"a man is hunched over, and he brings his right hand over to join his left as he makes slow stirring motions."
4,855,2.4568686485290527,coming forward with small dance.
4,856,0.01848088763654232,a person doing a jump pose.
4,857,1.9291279315948486,the man is jumping jump
4,858,1.3608393669128418,a person walks forward at fast pace.
4,859,1.6350017786026,the person took one jump down.
4,860,0.017105937004089355,this person holds his arms up as if to dance with a partner.
4,861,0.0208706334233284,the person seems to be 'beat boxing' and drops to the ground swinging his left foot over in a circular direction and using that momentum to to propel himself to spin over his right shoulder first then his left so he ends up seated again.
4,862,0.03688690811395645,"person does light bouncy jump, skips forward with left leg swinging forward"
4,863,0.1309737265110016,the person took a small jump forward.
4,864,0.01898314617574215,"a person squats deeply, then swings themselves into a forward leap."
4,865,0.02613062784075737,person is doing different dance moves
4,866,0.047201547771692276,person is slow walking down.
4,867,0.04166986420750618,moving fast on the at front
4,868,0.007581404875963926,a person walks side to side with arms extended as if dancing
4,869,0.18323642015457153,a person appears to be dancing like a chicken
4,870,0.025650836527347565,a a person practices a salsa dance routine by themselves
4,871,0.01094198040664196,"person squats with both knees bent, bringing hands together at chest, then straightens legs to jump straight upwards but lands slightly to their left considering their beginning position"
4,872,0.027735497802495956,he uplift his right hand and moving it fast again and again.
4,873,0.017503129318356514,"a person is dancing, arms held up as to hold another person's shoulders, moving back and forth in a counterclockwise pattern."
4,874,0.07128139585256577,person is hopping slightly up and down very fast with their hands up in the air
4,875,0.03963914513587952,the person is walking very slow
4,876,0.02289620414376259,"a person jogs forward, does a little dance then jogs back."
4,877,0.016855495050549507,robot turned back and climb on to something and jump started rolling on the ground and stands up.
4,878,0.3029913306236267,"the person steps into a martial arts stance, kicks and thrusts its right leg forward, bring itself back into a martial arts stance."
4,879,0.03467658907175064,a person walks forward and then starts dancing.
4,880,0.01738099940121174,a person readies their jump rope and then begins skipping rope.
4,881,1.0163586139678955,person walks slowly from upper left to bottom right using handrails to steady their steps.
4,882,0.16733646392822266,a person is running forward at a steady pace.
4,883,0.019111670553684235,a person is dancing quickly and having fun.
4,884,0.04142950102686882,moving the hips and shoulders side to side making it a little dance.
4,885,0.013016056269407272,this person appears to stumble as if fleftened.
4,886,0.010694079101085663,a man is holding both arms out and then pulling them back in right to left as if he is transferring something heavy.
4,887,1.8136932849884033,person faces forward then jumps to their right then they bend they knees and jump spin twice before standing still
4,888,0.029393423348665237,"a person jumps repeatedly, throwing their arms above their head and stretching their legs with each jump."
4,889,0.011782480403780937,the person is doing a fancy dance.
4,890,0.06595581769943237,a person made a quick jump forward
4,891,0.025447245687246323,a person bends over and does a standing jump forward.
4,892,0.06230609491467476,the person walks forward at a steady pace while moving most of their left hand side of their body compared to their right
4,893,0.0748039036989212,a person swings their arms and body around as if they are dancing.
4,894,0.024819865822792053,a person is dancing and waving their arms
4,895,0.4936111867427826,a person taking a huge jump forward
4,896,0.09390252828598022,a person takes a quick step forward.
4,897,0.03504340723156929,"a person does jumping jacks, spreading their arms and legs out and in with each jump"
4,898,0.028770998120307922,a man does a little dance.
4,899,0.020194415003061295,he does a run on the spot
4,900,0.03680725768208504,"a person dancing in certain rotating motion, then raising his or her hand up"
4,901,0.24702221155166626,a person doing a fun dance.
4,902,0.26496589183807373,he does a walk run
4,903,0.038384124636650085,the person is jumping rope very fast.
4,904,0.03600810468196869,a fast limp on the right foot.
4,905,0.010906835086643696,a person walks forward at a fast pace with hands moving at the wrist
4,906,0.016260288655757904,a person walks with a limp
4,907,0.040706485509872437,"a person walks in a slow clockwise circle, stopping in a standing position."
4,908,0.0030033609364181757,"a person holds their arms in front of them, and makes a quick punch with their left arm."
4,909,0.01037608366459608,a person scamps around as if doing a victory dance.
4,910,0.04535368084907532,a person who is standing with his hands by his sides takes four slow steps forward.
4,911,0.015795323997735977,a person walking in fast pace.
4,912,0.08334951102733612,"a person walks downstairs, before making a little jump at the bottom."
4,913,2.869203805923462,dancing backward moving both arms.
4,914,0.028288183733820915,a person is jogging / walking fast but not running in circles
4,915,0.10689636319875717,a person walks forward at a steady pace
4,916,0.012904939241707325,a person does broad jumps back and forth with a quick stretch in between jumps.
4,917,0.03345243260264397,"a person is dancing and moving towards left, raising hands"
4,918,0.018756147474050522,a person does a small 180 degree jump turn then turns back around to the front.
4,919,0.016597628593444824,"a man shakes his wrists, jumps backwards with a spin, and then finishes by spreading his arms."
4,920,0.7044077515602112,the person is doing the lambada dance.
4,921,0.023263633251190186,"a person jumps and spins in place, then when they land they run forward, stop, and run backwards"
4,922,0.018658675253391266,the person is doing awkward arm movements to the head and then down in front.
4,923,0.08146179467439651,a person takes a couple quick steps forward.
4,924,0.0291560348123312,the man is walking at a quick pace with his hands and feet swinging and appears to be in a hurry.
4,925,0.011247212998569012,a person walks forward careful to avoid something that is on the ground.
4,926,0.0182633213698864,"the man is walking steadily not fast but not slow ,swinging his arms down word right to left right to left one foot in front of the other now one foot in front of the other."
4,927,0.14168019592761993,a person does a small jump
4,928,0.1013554036617279,the man takes a quick step forward starting with his right foot.
4,929,0.006324335467070341,the person is doing a russian dance
4,930,0.022295834496617317,a person is ballroom dancing with someone.
4,931,0.010720344260334969,walking forward then the body twirls around fast and keeps walking.
4,932,0.017182916402816772,this person is jumping up and down as if to jump rope.
4,933,0.038426097482442856,person is doing a dance
4,934,0.037164151668548584,person is dancing arounds arms up.
4,935,1.2659438848495483,"a person walks forward at a leisurely, somewhat slow pace."
4,936,0.02782418765127659,a colorful animated drawing moving around as if it is dancing.
4,937,0.026565639302134514,a person breaks into an enthusiastic dance.
4,938,1.6229612827301025,"a man is standing up, then bends down to take a big jump forward, leaps forward, and then stands back up straight."
4,939,0.02228032425045967,"a man stands up straight, then lifts both arms up over his head and bats them forward in a tired manner."
4,940,0.038604624569416046,"a person does the ""i'm a little teapot"" dance, making a handle with his left arm and a spout with his right arm."
4,941,0.014324473217129707,"a man dances throwing both arms up, takes a step to the right and then a step to the back whilst continuing to dance with his arms."
4,942,0.0414787195622921,"the person does a little side to side dance, barely lifting its legs and bringing them down quickly, while shimmying its shoulders up and down slightly."
4,943,0.016272246837615967,the man is dancing using both legs and arms
4,944,0.038291383534669876,he is jumping very fast.
4,945,0.8762920498847961,a person lifts something heavy with their right arm.
4,946,0.03237646073102951,obstacle courses sometimes require an athlete to run in a backwards motion.
4,947,0.014246605336666107,"a man bends his legs slightly then takes a medium-length jump forward, raising his forearms slightly then letting them hang loose on landing."
4,948,0.017950022593140602,"a person makes small steps foward, turns around, makes quick small steps back, then stops and turns around."
4,949,0.04577089473605156,a person jump once on the spot.
4,950,0.03363635763525963,person moves body in fast turn then rights something out of left hand very fast
4,951,0.33104774355888367,a person run fast across a room
4,952,0.40093791484832764,"a person takes some purposeful and quick strides forward, then starts to slow down."
4,953,0.0389108844101429,a person walks forward with stiff legs.
4,954,0.06441955268383026,the person is doing the chicken dance.
4,955,0.06162083521485329,a person bends forward with left/left hands quickly to touch left/left toes directly in front of hands. a person twists torso left/left with waist fast facing left/left. a person lifts left/left hands fast above left/left shoulder at the same time. a person bends torso left/left hand sides fast facing forward
4,956,0.014630861580371857,a person who is standing with his hands by his sides takes deliberate steps on a treadmill.
4,957,0.025515077635645866,"a person walks forward at a slow pace and stops, holding position."
4,958,0.06543846428394318,person takes fast steps forwards
4,959,0.3379424214363098,the person is running forward very fast.
4,960,0.01765819825232029,"starting with their right foot, a person sidesteps fast back and forth."
4,961,0.01585562527179718,"person shakes hands as if playing a drum, it begins fast and ends slow."
4,962,0.034399647265672684,a person takes three quick steps backward.
4,963,0.048304393887519836,the person is dancing the cha cha .
4,964,0.9451692700386047,a person dancing with left arm in the air and bouncing back and forth
4,965,0.020424172282218933,"person starts running very quickly while swinging arms right and left in front of him in a very fast, violent manner, then speeding up before stopping."
4,966,0.03792810067534447,a fast pace stepping forward with dribble hands then takes a shot.
4,967,0.03286575898528099,a person picks up a heavy object and throws it with both hands.
4,968,2.518437623977661,a person sets something down on the ground and then walks with big hip sway in a diaganol direction.
4,969,0.5214146971702576,someone seems to be dancing
4,970,0.0377209298312664,rising the hands and like tired.
4,971,0.017045294865965843,"a person waddles around like a penguin, then waves with their left hand, their right hand, and then a quick wave with both hands."
4,972,0.06259771436452866,a person appears to be doing a dance.
4,973,0.11758334934711456,a person who is standing with his arms by his sides takes four very slow steps forward.
4,974,0.010342583060264587,"a person turns towards to the right, picks up a heavy object and turns and set it down in front of him."
4,975,0.039940640330314636,a man walks backwards and the starts jump roping.
4,976,0.020823296159505844,a person walks straight forward at a fast pace.
4,977,2.2374470233917236,"a person walks forward then steps to the right with a quick little stutter-step further to right, then immediately to the left and continues to walk in their original path."
4,978,0.10505356639623642,the person is doing a quick punch kick.
4,979,0.6258256435394287,someone is doing jumping jacks in slow motion.
4,980,0.05023105442523956,a person walks forward really fast.
4,981,0.025615135207772255,"a man bends his legs slightly then takes a medium-length jump forward, raising his forearms slightly then letting them hang loose on landing."
4,982,0.06035672500729561,a person is salsa dancing.
4,983,0.017284026369452477,the man is walking at a quick pace with his hands and feet swinging and appears to be in a hurry.
4,984,0.01350320503115654,a man is dancing around in a circle.
4,985,0.1230582520365715,the person is  slow punching the air.
4,986,0.032099541276693344,a person throws their body forward and then to the side in an expressive way
4,987,0.06678356975317001,a person walks forward at a slow pace.
4,988,0.6257784366607666,"imitates a ballet dance. right hand steps behind left, hands cur under than both lifts poisely."
4,989,0.016133857890963554,"a person is with their hands on their legs, knees slightly bent, and they sway from side to side and then straighten arms out to the side."
4,990,0.00781311932951212,a person is walking forward and dancing at the same time. they are throwing their limbs out in sudden movements and shaking their legs.
4,991,0.024941617622971535,a person bends down to pick up a heavy item from the ground using both hands and gives it to another person.
4,992,0.02618207223713398,a person is moving around dancing with their arms.
4,993,0.05255144461989403,the person is moving someone or hands around dancing.
4,994,0.07129301875829697,the person was walking really fast.
4,995,2.774409294128418,the figure appears to step over something with a slightly awkward walk before turning so that we are seeing their back.
4,996,0.01193772442638874,a person struggles to hold a heavy object before dropping it.
4,997,0.049785565584897995,a person does tricks while jump roping and then stops
4,998,0.05774590000510216,a person takes a jump rope and starts jumping rope.
4,999,0.013250783085823059,a person doing the i'm a little tea pot dance.
4,1000,1.243636131286621,a person running and then crawling before returning to a run.
